OLS__L1,OLS__L2,OLS__Huber,Huber__L1,Huber__L2,Huber__Huber,t-test
0.016,0.126,0.023,0.007,0.2415,0.007,0.07168044714511704
0.012,0.054,0.018,0.008,0.048,0.01,0.04018320823153886
0.084,0.073,0.074,0.077,0.0765,0.068,0.0232208268981115
0.014,0.022,0.011,0.011,0.022,0.008,0.0022180071590842485
0.008,0.008,0.008,0.008,0.008,0.009,2.8960408119189943e-05
0.068,0.074,0.075,0.0605,0.073,0.066,0.01608771452081166
0.047,0.052,0.037,0.051,0.046,0.037,0.018296912849960996
0.079,0.019,0.0355,0.07,0.022,0.038,0.0014763031023168312
0.024,0.021,0.018,0.022,0.021,0.017,0.006118409091047262
0.157,0.224,0.199,0.085,0.512,0.108,0.1833483590985069
0.021,0.04,0.025,0.02,0.044,0.016,0.004990432439894342
0.083,0.066,0.072,0.096,0.064,0.067,0.028526797395937394
0.037,0.084,0.052,0.044,0.0685,0.045,0.0635268716539058
0.005,0.007,0.004,0.004,0.007,0.003,0.00052836913550776
0.07,0.062,0.056,0.062,0.065,0.057,0.010969996690776933
0.009,0.006,0.007,0.01,0.006,0.01,0.0005688831756848029
0.538,0.483,0.44,0.532,0.499,0.433,0.4632776933899947
0.092,0.102,0.079,0.089,0.108,0.067,0.06696436478988141
0.2055,0.1885,0.185,0.26,0.173,0.204,0.12975446367766075
0.024,0.016,0.015,0.017,0.017,0.01,0.0006817074729158476
0.063,0.081,0.06,0.057,0.09,0.054,0.04177626376556923
0.004,0.007,0.002,0.003,0.006,0.001,0.0002716297989000301
0.076,0.051,0.025,0.055,0.043,0.021,0.03243964114038809
0.013,0.015,0.007,0.0305,0.013,0.011,0.002892039296149633
0.624,0.824,0.7,0.765,0.6905,0.7685,0.9308631340168876
0.011,0.018,0.012,0.012,0.02,0.009,0.006857960648273106
0.503,0.446,0.393,0.6805,0.452,0.5215,0.45715502137774866
0.5555,0.089,0.156,0.521,0.112,0.268,0.04280139848264931
0.088,0.0845,0.084,0.093,0.0855,0.084,0.064615980762807
0.226,0.2335,0.173,0.207,0.27,0.1485,0.18249612379575458
0.021,0.055,0.018,0.011,0.047,0.009,0.020740960369906903
0.479,0.635,0.412,0.3625,0.7495,0.3345,0.7015531360840406
0.009,0.024,0.006,0.016,0.018,0.009,0.0007356097505324162
0.11,0.133,0.078,0.057,0.222,0.047,0.09675253073407028
0.115,0.11,0.105,0.162,0.0885,0.131,0.03299642709434542
0.008,0.019,0.005,0.009,0.021,0.005,0.004864686581011624
0.012,0.002,0.003,0.007,0.002,0.004,0.0002489522876386897
0.065,0.055,0.054,0.057,0.06,0.0535,0.023733723729511658
0.071,0.088,0.0445,0.101,0.085,0.054,0.02902575760369387
0.05,0.063,0.064,0.038,0.071,0.0525,0.010021446082690311
0.111,0.256,0.13,0.09,0.284,0.097,0.20021838170087494
0.151,0.1535,0.14,0.147,0.154,0.138,0.09295018478517951
0.147,0.023,0.034,0.1535,0.02,0.063,0.003817207465904997
0.105,0.14,0.113,0.103,0.153,0.108,0.10600361065896594
0.053,0.048,0.037,0.043,0.056,0.033,0.034712659079028235
0.109,0.077,0.048,0.088,0.063,0.041,0.04445960015266917
0.081,0.028,0.047,0.065,0.029,0.061,0.009546857864924365
0.0725,0.048,0.042,0.064,0.047,0.046,0.018218191558065183
0.019,0.08,0.034,0.019,0.076,0.019,0.05233381455658043
0.101,0.1095,0.107,0.0985,0.116,0.0995,0.044028244583789566
0.034,0.037,0.0375,0.038,0.043,0.038,0.0033364199730120457
0.026,0.03,0.028,0.027,0.031,0.028,0.000408456286107962
0.019,0.014,0.012,0.02,0.013,0.011,0.00019431643775390234
0.252,0.261,0.268,0.227,0.2825,0.249,0.3803561130149393
0.022,0.024,0.014,0.02,0.02,0.013,0.006177413087840961
0.044,0.025,0.028,0.039,0.026,0.031,0.0031517419393573957
0.0665,0.058,0.081,0.0525,0.0715,0.063,0.034957441420830446
0.145,0.176,0.094,0.052,0.1795,0.05,0.3495961013762683
0.318,0.6125,0.3355,0.204,0.6375,0.207,0.6406706752884017
0.14,0.1355,0.134,0.1325,0.1415,0.133,0.08083511620367143
0.009,0.007,0.006,0.012,0.007,0.006,2.243364428353627e-05
0.005,0.005,0.005,0.005,0.005,0.005,1.9594253647248275e-05
0.094,0.094,0.07,0.096,0.093,0.071,0.0459896184021329
0.044,0.071,0.054,0.043,0.075,0.0435,0.021326735842944502
0.023,0.04,0.028,0.027,0.037,0.026,0.010893805618800616
0.107,0.259,0.1895,0.066,0.2925,0.129,0.20439694230285696
0.01,0.034,0.015,0.007,0.041,0.008,0.011943678164766523
0.013,0.045,0.02,0.007,0.071,0.009,0.032056890850916904
0.123,0.045,0.094,0.101,0.0445,0.079,0.017099666285431293
0.014,0.015,0.013,0.017,0.013,0.012,1.3096944674111285e-05
0.455,0.6915,0.56,0.484,0.6385,0.5525,0.6804577505652891
0.093,0.052,0.03,0.087,0.056,0.033,0.019649667631807807
0.099,0.106,0.073,0.077,0.114,0.062,0.11664620044721301
0.056,0.056,0.059,0.048,0.051,0.052,0.02846446950232387
0.01,0.02,0.014,0.013,0.019,0.012,0.007476572796137943
0.036,0.079,0.047,0.032,0.084,0.045,0.015993577297342867
0.049,0.0925,0.049,0.076,0.103,0.036,0.09592064323598577
0.052,0.181,0.088,0.037,0.201,0.049,0.1602520346103684
0.001,0.005,0.001,0.001,0.006,0.001,0.0017365666182456224
0.005,0.016,0.004,0.002,0.013,0.001,0.0009957037098698158
0.0735,0.097,0.087,0.068,0.121,0.069,0.0563223772347759
0.004,0.046,0.002,0.003,0.029,0.002,0.01909981925373508
0.276,0.5885,0.342,0.074,0.902,0.15,0.5333926669352933
0.817,0.5645,0.861,0.248,0.873,0.225,0.7361107053695642
0.065,0.027,0.048,0.078,0.029,0.051,0.007067502683858484
0.025,0.011,0.011,0.028,0.01,0.018,0.0003061953190779466
0.033,0.029,0.028,0.033,0.029,0.031,0.00020639593897140834
0.113,0.1375,0.124,0.117,0.13,0.115,0.09934667271719475
0.154,0.1475,0.148,0.16,0.1625,0.173,0.10450515033726136
0.01,0.012,0.006,0.01,0.013,0.007,0.0032664819926115805
0.092,0.075,0.079,0.0865,0.079,0.076,0.03891341902668895
0.1055,0.188,0.161,0.111,0.192,0.137,0.1555120762020221
0.023,0.044,0.031,0.026,0.042,0.026,0.020274133373541954
0.101,0.024,0.034,0.119,0.031,0.042,0.007513795263442707
0.083,0.062,0.072,0.092,0.065,0.077,0.030827350382562867
0.082,0.049,0.054,0.083,0.055,0.058,0.02592474207307663
0.003,0.002,0.002,0.004,0.002,0.003,8.348588180411095e-05
0.023,0.033,0.026,0.023,0.035,0.026,0.0009723222380167478
0.058,0.089,0.062,0.045,0.134,0.0445,0.06345398324606441
0.031,0.061,0.034,0.039,0.0585,0.022,0.02733319824545919
0.5775,0.2615,0.381,0.562,0.308,0.482,0.19365256821296623
0.015,0.055,0.016,0.011,0.049,0.012,0.02105526761820417
0.109,0.115,0.109,0.111,0.107,0.115,0.09002777717466502
0.035,0.048,0.037,0.034,0.048,0.034,0.021334791088066553
0.001,0.002,0.001,0.001,0.002,0.001,6.456315128545362e-05
0.2055,0.6325,0.263,0.198,0.779,0.091,0.6285982330323245
0.1825,0.225,0.213,0.179,0.2465,0.207,0.23650096790575753
0.4275,0.4585,0.3735,0.231,0.517,0.277,0.5681289988743634
0.03,0.009,0.011,0.042,0.009,0.015,0.0030578007686677617
0.002,0.002,0.001,0.001,0.002,0.001,0.00012381922591638404
0.546,0.5625,0.813,0.728,0.6395,0.798,0.6049926968035367
0.084,0.184,0.092,0.044,0.229,0.056,0.14025257881195585
0.104,0.0955,0.096,0.104,0.1,0.098,0.04199826957445363
0.023,0.064,0.015,0.015,0.051,0.008,0.04696583655986292
0.058,0.0545,0.059,0.06,0.059,0.059,0.004673048586778635
0.071,0.043,0.053,0.068,0.044,0.0575,0.011606574295382623
0.007,0.014,0.011,0.008,0.014,0.01,0.0005923892400776433
0.05,0.1285,0.096,0.062,0.126,0.078,0.1022868125531574
0.188,0.186,0.217,0.182,0.188,0.198,0.17178490274221292
0.055,0.252,0.039,0.011,0.2375,0.01,0.32879722336338024
0.052,0.033,0.037,0.045,0.035,0.039,0.0009688648239846335
0.152,0.1445,0.1375,0.155,0.1475,0.142,0.1435009701947835
0.394,0.28,0.315,0.3215,0.2755,0.359,0.3335354505142505
0.239,0.312,0.245,0.284,0.287,0.249,0.3330943507949705
0.001,0.004,0.001,0.001,0.004,0.002,5.085789690507847e-06
0.065,0.07,0.057,0.076,0.076,0.063,0.0408687878040951
0.004,0.017,0.008,0.006,0.016,0.005,0.0009583026174193982
0.02,0.007,0.006,0.023,0.007,0.007,1.3345522865667182e-06
0.094,0.0575,0.071,0.077,0.068,0.074,0.05542548086669505
0.019,0.043,0.0185,0.017,0.048,0.016,0.015311827171010551
0.101,0.239,0.153,0.134,0.2285,0.16,0.25041645265587514
0.04,0.072,0.05,0.031,0.082,0.039,0.02072285102073493
0.02,0.139,0.022,0.014,0.117,0.015,0.10523217233063435
0.2385,0.204,0.197,0.2015,0.2205,0.187,0.16552800661676975
0.218,0.3725,0.287,0.217,0.347,0.2665,0.3460168057064328
0.163,0.269,0.199,0.136,0.298,0.174,0.2525822243152762
0.3035,0.1625,0.273,0.2555,0.294,0.275,0.13261231368431123
0.062,0.039,0.03,0.05,0.046,0.035,0.03806704620013966
0.037,0.011,0.02,0.035,0.019,0.019,0.001006370187536866
0.1775,0.11,0.061,0.181,0.11,0.0945,0.07293981263908395
0.013,0.01,0.007,0.015,0.01,0.008,0.0011433830713616106
0.012,0.011,0.008,0.007,0.016,0.007,0.00013763309014405744
0.0615,0.0625,0.065,0.061,0.062,0.066,0.01485244155847556
0.199,0.175,0.1835,0.19,0.186,0.171,0.27069339973925394
0.006,0.01,0.011,0.007,0.009,0.01,0.0029873019281905925
0.1875,0.16,0.149,0.2165,0.15,0.15,0.13297547766931556
0.3885,0.636,0.5285,0.393,0.61,0.4855,0.6362954385326403
0.054,0.052,0.056,0.068,0.056,0.045,0.013815488780928855
0.026,0.056,0.039,0.019,0.055,0.021,0.01899364993822496
0.109,0.1075,0.069,0.132,0.102,0.058,0.06081786237870805
0.345,0.317,0.298,0.3665,0.318,0.301,0.3193696418667431
0.198,0.235,0.205,0.184,0.253,0.18,0.13603371072540102
0.034,0.042,0.032,0.022,0.052,0.029,0.006957877319254457
0.093,0.27,0.12,0.056,0.2695,0.067,0.2538486005206674
0.116,0.09,0.079,0.171,0.078,0.093,0.057376781947343566
0.436,0.58,0.486,0.413,0.56,0.4475,0.585846257992259
0.029,0.081,0.023,0.029,0.062,0.014,0.08125644139290811
0.322,0.171,0.206,0.305,0.184,0.1905,0.15716121699803998
0.158,0.129,0.128,0.127,0.149,0.113,0.09794764086130107
0.013,0.021,0.019,0.024,0.02,0.02,0.0006701080039870653
0.017,0.041,0.033,0.024,0.043,0.026,0.0037325678808181753
0.019,0.004,0.008,0.009,0.006,0.009,0.00031566711812468207
0.151,0.0575,0.067,0.144,0.057,0.072,0.04983908422137617
0.007,0.005,0.005,0.006,0.006,0.005,0.0023492429094336053
0.006,0.004,0.003,0.009,0.004,0.003,0.00017312026020001133
0.01,0.025,0.01,0.008,0.025,0.006,0.004902099081540128
0.017,0.012,0.015,0.025,0.015,0.018,0.00047973282478013364
0.039,0.06,0.046,0.028,0.066,0.036,0.036213325639074784
0.091,0.158,0.092,0.111,0.147,0.087,0.08895986449861372
0.114,0.2575,0.204,0.123,0.2795,0.17,0.23432639438786887
0.033,0.019,0.013,0.024,0.019,0.014,0.006076391856736065
0.031,0.032,0.036,0.038,0.027,0.031,0.009993054288337652
0.131,0.4365,0.116,0.033,0.3565,0.037,0.6843068316635632
0.007,0.003,0.003,0.011,0.003,0.004,0.0002188978194874795
0.021,0.016,0.021,0.024,0.018,0.022,0.0017233814979069997
0.074,0.088,0.057,0.067,0.077,0.051,0.04539004003624525
0.001,0.007,0.005,0.004,0.006,0.003,0.002583592053668144
0.189,0.31,0.238,0.233,0.2645,0.234,0.37108865560672766
0.032,0.041,0.024,0.029,0.04,0.016,0.02391904361743517
0.02,0.03,0.025,0.01,0.029,0.016,0.004228091731413177
0.23,0.086,0.118,0.166,0.096,0.137,0.06938817718544427
0.246,0.2635,0.205,0.221,0.289,0.2015,0.4142635374692535
0.038,0.106,0.032,0.031,0.101,0.019,0.08458407331701231
0.213,0.2095,0.223,0.232,0.218,0.2335,0.1511851959765157
0.028,0.036,0.031,0.031,0.04,0.029,0.023394992317145494
0.016,0.092,0.019,0.012,0.081,0.009,0.05933848448839853
0.063,0.072,0.034,0.083,0.0625,0.04,0.045343268367539304
0.056,0.0475,0.049,0.055,0.053,0.05,0.0001060985550897715
0.095,0.086,0.096,0.0955,0.092,0.092,0.05782085680414402
0.057,0.074,0.0595,0.062,0.069,0.058,0.016408507861640612
0.002,0.003,0.001,0.001,0.007,0.001,0.00028477788501170845
0.2405,0.223,0.216,0.194,0.2515,0.195,0.2185986995790582
0.038,0.077,0.044,0.109,0.067,0.053,0.04156396242791312
0.044,0.026,0.029,0.057,0.027,0.036,0.00011289245710361587
0.374,0.292,0.331,0.382,0.307,0.357,0.23899162746293492
0.2435,0.2605,0.205,0.241,0.357,0.1565,0.2208001869113147
0.1005,0.08,0.083,0.099,0.081,0.088,0.027310035528207523
0.028,0.069,0.023,0.019,0.068,0.02,0.1062303687843944
0.191,0.514,0.305,0.156,0.5055,0.202,0.5797493100227242
0.001,0.004,0.004,0.002,0.004,0.003,0.0008403983454573345
0.129,0.164,0.135,0.116,0.167,0.126,0.10685012730995859
0.044,0.026,0.016,0.058,0.017,0.022,0.0064106540286431426
0.078,0.088,0.09,0.077,0.092,0.086,0.041250646522789994
0.606,0.582,0.492,0.7175,0.5485,0.6935,0.5668436292716339
0.001,0.008,0.004,0.001,0.04,0.002,0.0033594751076871645
0.017,0.021,0.01,0.019,0.015,0.015,0.008761759168940841
0.017,0.019,0.01,0.024,0.019,0.014,0.003442661326086672
0.005,0.007,0.006,0.009,0.006,0.004,0.00036385405961740855
0.6895,0.8235,0.821,0.6145,0.793,0.733,0.9604376182710501
0.053,0.059,0.055,0.0515,0.063,0.055,0.029104946511803922
0.0655,0.05,0.025,0.048,0.049,0.025,0.032946539115157755
0.012,0.035,0.018,0.006,0.031,0.014,0.012680684751326558
0.074,0.114,0.087,0.058,0.1255,0.065,0.084976240189656
0.006,0.005,0.004,0.005,0.005,0.004,0.0007490431060657894
0.009,0.011,0.006,0.008,0.012,0.006,0.0023589526233282533
0.102,0.077,0.085,0.087,0.077,0.085,0.023587336489258266
0.039,0.046,0.048,0.032,0.057,0.037,0.0003368334694605381
0.029,0.011,0.013,0.035,0.011,0.018,0.003651211759141384
0.186,0.042,0.083,0.117,0.043,0.095,0.00030839514226099627
0.066,0.043,0.051,0.05,0.048,0.056,0.03643394602633889
0.002,0.002,0.001,0.001,0.002,0.002,0.00014681061498674123
0.046,0.048,0.039,0.032,0.055,0.037,0.00967960006185365
0.013,0.106,0.045,0.01,0.114,0.018,0.053272714866779446
0.003,0.002,0.002,0.003,0.002,0.002,0.00015022355231200475
0.088,0.074,0.078,0.11,0.074,0.082,0.07558891676332084
0.006,0.018,0.004,0.003,0.016,0.004,0.005896824388012035
0.008,0.01,0.006,0.005,0.017,0.005,0.0011311661751337223
0.0275,0.027,0.016,0.025,0.03,0.017,0.011143846343397832
0.017,0.038,0.026,0.02,0.039,0.023,0.009136427556076477
0.2075,0.214,0.188,0.241,0.213,0.187,0.14689019275587956
0.022,0.014,0.008,0.017,0.017,0.01,0.0027749157483951624
0.005,0.024,0.009,0.004,0.027,0.005,0.006259208881872623
0.01,0.036,0.01,0.015,0.032,0.006,0.02089017863895307
0.032,0.029,0.026,0.038,0.028,0.031,0.014529822065900786
0.1555,0.2285,0.1945,0.142,0.24,0.1675,0.21763738757026374
0.122,0.139,0.123,0.135,0.1375,0.122,0.09442346571930739
0.197,0.205,0.173,0.196,0.193,0.176,0.17414725895717728
0.007,0.033,0.005,0.007,0.03,0.004,0.006934116922483297
0.025,0.014,0.016,0.024,0.026,0.016,0.0003292794154478216
0.842,0.6735,0.679,0.713,0.678,0.7655,0.7346767190035401
0.039,0.145,0.069,0.03,0.144,0.038,0.14597859403443061
0.128,0.145,0.136,0.125,0.146,0.129,0.07225356654135519
0.008,0.051,0.007,0.007,0.039,0.007,0.008816980111721303
0.452,0.671,0.5455,0.345,0.833,0.3695,0.7513756148129205
0.001,0.002,0.002,0.001,0.002,0.002,2.5785954235689687e-05
0.043,0.052,0.044,0.041,0.057,0.04,0.041274281385529375
0.067,0.028,0.031,0.064,0.034,0.035,0.01913077878701052
0.033,0.128,0.086,0.04,0.127,0.072,0.08764762673446737
0.05,0.095,0.051,0.048,0.1,0.041,0.06493489639649402
0.006,0.011,0.003,0.003,0.015,0.001,0.0008286318994749618
0.056,0.044,0.023,0.05,0.042,0.029,0.02409578699639231
0.015,0.026,0.012,0.007,0.026,0.009,0.005315186484693612
0.344,0.221,0.178,0.3545,0.205,0.255,0.16981920934798733
0.35,0.509,0.821,0.459,0.536,0.5955,0.5018653295988751
0.174,0.266,0.125,0.2795,0.244,0.148,0.28171522566040785
0.5855,0.749,0.7435,0.653,0.6875,0.791,0.8098970816620811
0.158,0.1085,0.119,0.1285,0.123,0.117,0.01182454853026066
0.081,0.075,0.066,0.0775,0.087,0.064,0.020564981635206276
0.09,0.064,0.048,0.095,0.069,0.056,0.04736833551356081
0.057,0.051,0.046,0.0525,0.057,0.044,0.04458906012164433
0.017,0.043,0.022,0.017,0.043,0.014,0.02117795537870945
0.036,0.039,0.03,0.028,0.045,0.024,0.0180202535840732
0.225,0.209,0.204,0.22,0.212,0.207,0.17752563551070705
0.31,0.03,0.055,0.4935,0.061,0.1135,0.010409269464554326
0.7515,0.815,0.8125,0.7205,0.805,0.804,0.9325878727191347
0.162,0.2395,0.164,0.136,0.2685,0.146,0.296516183510742
0.022,0.05,0.031,0.022,0.048,0.024,0.00571610088143076
0.048,0.042,0.044,0.053,0.049,0.047,0.004690604850707295
0.076,0.2,0.122,0.066,0.231,0.085,0.2545925363697731
0.554,0.131,0.187,0.3905,0.152,0.186,0.10253517783119491
0.4155,0.6845,0.596,0.474,0.637,0.556,0.6865381179109011
0.042,0.038,0.041,0.023,0.04,0.032,0.01637428643710852
0.5315,0.57,0.5395,0.5735,0.535,0.554,0.609094272360921
0.214,0.1345,0.143,0.2755,0.169,0.158,0.07734182272619473
0.0215,0.024,0.022,0.021,0.024,0.016,0.007989457569538559
0.335,0.231,0.234,0.332,0.237,0.2765,0.1790808966113556
0.002,0.003,0.003,0.002,0.003,0.003,0.0005579607415880229
0.3,0.5385,0.3545,0.252,0.497,0.293,0.49275492407468424
0.1275,0.2145,0.208,0.151,0.2345,0.192,0.18596323074835547
0.212,0.2485,0.148,0.278,0.208,0.1465,0.20796539659657837
0.008,0.004,0.004,0.008,0.004,0.007,0.0015143772389204088
0.196,0.138,0.14,0.21,0.15,0.14,0.12278393596400601
0.003,0.001,0.001,0.004,0.002,0.003,0.00011809534605010335
0.082,0.0875,0.079,0.08,0.0885,0.068,0.1456992350054855
0.5695,0.156,0.284,0.221,0.191,0.212,0.5711583289851823
0.025,0.007,0.007,0.009,0.012,0.005,0.000260191414115451
0.006,0.016,0.005,0.005,0.017,0.004,0.001968645605762535
0.036,0.014,0.033,0.047,0.014,0.044,0.0012943603696533449
0.936,0.497,0.9315,0.7735,0.7365,0.7845,0.5002668768801429
0.073,0.122,0.113,0.088,0.125,0.1,0.07896155565130175
0.0735,0.074,0.08,0.081,0.076,0.0735,0.006809642668199182
0.073,0.462,0.077,0.029,0.562,0.043,0.44949847753074124
0.009,0.005,0.006,0.01,0.005,0.007,3.048018203073112e-05
0.001,0.001,0.001,0.001,0.001,0.001,1.1453718147547741e-05
0.042,0.047,0.042,0.034,0.045,0.044,0.019510078594952508
0.22,0.2945,0.225,0.216,0.31,0.196,0.3907311457957072
0.009,0.006,0.005,0.006,0.007,0.005,0.0009935921005185886
0.087,0.072,0.071,0.088,0.076,0.071,0.010519947682985554
0.1405,0.101,0.072,0.125,0.121,0.063,0.0985729878746617
0.04,0.0375,0.034,0.038,0.041,0.037,0.007187212652796855
0.045,0.059,0.053,0.045,0.058,0.05,0.018957180806084946
0.009,0.003,0.003,0.01,0.003,0.003,9.542190312883475e-06
0.089,0.136,0.108,0.084,0.136,0.096,0.09320203217261226
0.283,0.156,0.195,0.2195,0.1485,0.157,0.13546868414238222
0.042,0.049,0.04,0.045,0.057,0.031,0.006579042079413132
0.037,0.049,0.031,0.038,0.053,0.027,0.017523885990393617
0.233,0.054,0.06,0.3635,0.045,0.104,0.010881089861233678
0.028,0.029,0.02,0.026,0.031,0.019,0.005744637434807299
0.194,0.2365,0.186,0.175,0.256,0.1775,0.2090147658541987
0.06,0.058,0.055,0.054,0.057,0.05,0.011961502886201288
0.015,0.041,0.016,0.015,0.035,0.015,0.008430617225958715
0.433,0.452,0.42,0.347,0.849,0.294,0.4153753870827346
0.004,0.003,0.002,0.003,0.003,0.002,7.578495107518129e-05
0.057,0.071,0.06,0.047,0.075,0.052,0.008080923011755633
0.102,0.146,0.108,0.102,0.155,0.099,0.1523140373310874
0.051,0.036,0.039,0.06,0.037,0.042,0.0012378594568015248
0.03,0.086,0.035,0.036,0.079,0.032,0.04649960113910284
0.016,0.024,0.016,0.015,0.024,0.013,0.007535688313446002
0.027,0.037,0.027,0.033,0.032,0.031,0.0042042838791145135
0.1455,0.122,0.121,0.151,0.126,0.125,0.0430164730767248
0.5375,0.788,0.631,0.6035,0.5565,0.603,0.9952473594330622
0.3385,0.157,0.105,0.3135,0.135,0.18,0.11794113288114176
0.068,0.099,0.084,0.07,0.099,0.086,0.042738868364607135
0.0395,0.026,0.03,0.046,0.027,0.034,0.0016309570237242547
0.176,0.1425,0.116,0.171,0.166,0.1205,0.2997981759314836
0.163,0.2065,0.193,0.166,0.212,0.167,0.1944219290865537
0.003,0.012,0.007,0.004,0.017,0.007,0.0002386450652213164
0.01,0.019,0.008,0.01,0.017,0.007,0.007792866260206857
0.5385,0.405,0.3555,0.4845,0.4355,0.3555,0.6386774899386322
0.045,0.125,0.059,0.033,0.135,0.039,0.09135911995849579
0.09,0.015,0.018,0.124,0.016,0.032,0.004340525012798321
0.044,0.108,0.069,0.051,0.106,0.056,0.08665643298863797
0.0485,0.049,0.047,0.048,0.056,0.043,0.027123877980494294
0.108,0.2935,0.18,0.084,0.318,0.114,0.5103430355243147
0.018,0.016,0.016,0.022,0.016,0.016,0.0004885341612122159
0.016,0.014,0.012,0.017,0.016,0.01,0.002506110282360526
0.014,0.021,0.021,0.027,0.02,0.019,0.0005943574500475251
0.097,0.111,0.091,0.112,0.102,0.091,0.042467569274128376
0.118,0.094,0.11,0.105,0.101,0.108,0.07307672067561571
0.072,0.028,0.036,0.076,0.033,0.038,0.0061639887614799525
0.085,0.054,0.059,0.0645,0.049,0.069,0.03341984336855646
0.002,0.001,0.001,0.003,0.001,0.002,1.1416498347027495e-06
0.01,0.007,0.01,0.011,0.007,0.009,0.000566471816330799
0.091,0.191,0.1275,0.112,0.17,0.126,0.14737970032427442
0.005,0.02,0.008,0.004,0.022,0.004,0.0009710191550438348
0.063,0.048,0.057,0.038,0.058,0.047,0.005351171513298536
0.04,0.076,0.039,0.048,0.062,0.036,0.03168633449732058
0.007,0.004,0.004,0.007,0.005,0.004,0.0005764635812460162
0.004,0.003,0.003,0.004,0.003,0.003,0.0003992694117614326
0.077,0.1125,0.105,0.075,0.118,0.081,0.04587148441301668
0.178,0.1225,0.13,0.173,0.121,0.154,0.07898855428752412
0.016,0.019,0.015,0.017,0.019,0.013,0.0038390007571972675
0.149,0.158,0.163,0.157,0.1725,0.148,0.14576140898002757
0.179,0.144,0.167,0.167,0.156,0.157,0.09169132668786131
0.093,0.029,0.015,0.121,0.032,0.035,0.011620640247936432
0.038,0.098,0.057,0.052,0.092,0.0495,0.06955192583918361
0.025,0.037,0.026,0.026,0.037,0.028,0.022550246119712337
0.022,0.037,0.021,0.026,0.037,0.018,0.017609197248885447
0.053,0.0455,0.043,0.058,0.041,0.049,0.013399611695491313
0.033,0.015,0.012,0.0505,0.017,0.022,0.0031828097382814477
0.11,0.077,0.089,0.064,0.16,0.071,0.03191300404849235
0.023,0.024,0.021,0.025,0.022,0.02,0.0024424029429227943
0.064,0.012,0.032,0.096,0.016,0.05,0.0003173910706485185
0.181,0.375,0.141,0.155,0.4705,0.106,0.4260339868458688
0.078,0.068,0.072,0.086,0.063,0.073,0.023804114710333366
0.114,0.174,0.154,0.1095,0.196,0.132,0.12775215698730602
0.137,0.106,0.098,0.183,0.105,0.118,0.06645716452011426
0.04,0.043,0.037,0.041,0.05,0.036,0.0067495452627080186
0.005,0.043,0.01,0.003,0.039,0.007,0.0058340181565362
0.197,0.054,0.094,0.106,0.063,0.094,0.048154539809034884
0.023,0.024,0.021,0.019,0.023,0.016,0.00839080154114937
0.2165,0.06,0.083,0.261,0.062,0.108,0.011592041000758866
0.003,0.002,0.003,0.003,0.003,0.003,0.00011195272068130276
0.04,0.04,0.034,0.022,0.04,0.021,0.04123286443008251
0.09,0.138,0.101,0.098,0.144,0.085,0.09221606163118388
0.039,0.034,0.034,0.034,0.033,0.035,0.014501040816056103
0.015,0.019,0.014,0.017,0.02,0.017,0.0005528019037892613
0.02,0.017,0.013,0.013,0.018,0.013,0.007765299291857643
0.1345,0.224,0.164,0.153,0.211,0.156,0.18966433670326116
0.097,0.121,0.108,0.097,0.1235,0.11,0.038819166328596395
0.034,0.047,0.026,0.006,0.0475,0.008,0.01445942794142835
0.019,0.066,0.022,0.015,0.062,0.014,0.028058894413183832
0.032,0.019,0.016,0.029,0.027,0.017,0.0029557064187473287
0.004,0.012,0.003,0.002,0.011,0.002,0.004428052821312565
0.188,0.18,0.17,0.195,0.19,0.163,0.13150870950110474
0.001,0.001,0.001,0.001,0.002,0.001,1.0026604920588632e-05
0.244,0.2795,0.411,0.282,0.2825,0.3555,0.19674508463503884
0.009,0.005,0.004,0.01,0.005,0.004,0.00043911133030428935
0.092,0.057,0.066,0.091,0.059,0.075,0.01233010651119071
0.007,0.004,0.002,0.002,0.004,0.002,0.0003386210375688599
0.263,0.4875,0.354,0.192,0.573,0.243,0.46671739906793075
0.072,0.099,0.053,0.08,0.094,0.044,0.0656399106680237
0.086,0.091,0.091,0.09,0.095,0.086,0.02421580070250774
0.608,0.7545,0.6545,0.7165,0.608,0.797,0.8716546789040198
0.081,0.032,0.05,0.066,0.043,0.048,0.007677246035268107
0.031,0.062,0.028,0.021,0.063,0.023,0.019199031468880592
0.126,0.1495,0.152,0.123,0.167,0.141,0.15461771008283967
0.001,0.001,0.001,0.001,0.001,0.001,3.3812451198177664e-05
0.0965,0.314,0.073,0.069,0.214,0.053,0.250432308364429
0.244,0.089,0.1,0.2195,0.089,0.122,0.04217934185573618
0.009,0.0195,0.013,0.01,0.024,0.007,0.0017512511118207424
0.01,0.064,0.025,0.017,0.06,0.011,0.04206301775041904
0.067,0.093,0.058,0.083,0.071,0.069,0.054522355906195336
0.034,0.058,0.022,0.021,0.048,0.016,0.026782503031565416
0.011,0.032,0.015,0.013,0.028,0.011,0.010709831150272619
0.4765,0.184,0.2265,0.401,0.194,0.239,0.14925017419599862
0.021,0.043,0.036,0.025,0.043,0.029,0.007664018454430208
0.0445,0.043,0.041,0.044,0.042,0.041,0.000113570091403446
0.425,0.654,0.5235,0.301,0.66,0.4335,0.6853078769431864
0.037,0.091,0.036,0.032,0.0955,0.027,0.04743309121450616
0.002,0.002,0.0035,0.004,0.003,0.002,0.0003113873886034607
0.059,0.0755,0.06,0.054,0.089,0.055,0.10185863057285817
0.626,0.7835,0.7215,0.601,0.799,0.6265,0.9401916821434828
0.076,0.066,0.072,0.066,0.069,0.067,0.04929728662701436
0.08,0.135,0.091,0.059,0.165,0.067,0.06970607380942671
0.037,0.0465,0.037,0.043,0.043,0.038,0.003763324320479567
0.058,0.044,0.051,0.0445,0.044,0.046,0.034804320364449075
0.016,0.016,0.016,0.012,0.015,0.013,0.004376738123891289
0.027,0.064,0.036,0.023,0.061,0.028,0.0175558722536243
0.023,0.023,0.025,0.011,0.023,0.011,0.002089722710059951
0.32,0.2195,0.1705,0.366,0.221,0.208,0.17455309162443655
0.054,0.049,0.047,0.061,0.05,0.047,0.027735195922967224
0.023,0.038,0.024,0.023,0.038,0.019,0.00985303398019374
0.619,0.164,0.219,0.3455,0.196,0.212,0.11546487607957648
0.035,0.029,0.026,0.037,0.033,0.027,0.002950406605760581
0.055,0.007,0.014,0.052,0.009,0.02,0.003525192040613199
0.1305,0.175,0.156,0.076,0.184,0.112,0.18785976207868707
0.275,0.219,0.213,0.256,0.237,0.216,0.15540252081734035
0.1135,0.115,0.097,0.0975,0.12,0.091,0.0707854714660616
0.184,0.478,0.289,0.1515,0.4105,0.259,0.4563048635041197
0.078,0.101,0.0715,0.073,0.105,0.061,0.05950468534676994
0.023,0.013,0.013,0.026,0.012,0.018,0.003834403535293947
0.085,0.153,0.0855,0.064,0.1515,0.062,0.19697238935647313
0.15,0.172,0.1275,0.201,0.16,0.1385,0.25277313257364764
0.049,0.11,0.065,0.045,0.109,0.054,0.08459573442032244
0.037,0.037,0.034,0.035,0.037,0.031,0.010042599858127036
0.077,0.176,0.093,0.053,0.162,0.069,0.18843386235925236
0.121,0.102,0.102,0.101,0.108,0.095,0.06458932630765213
0.513,0.113,0.303,0.286,0.132,0.21,0.12057904221712229
0.029,0.022,0.017,0.022,0.028,0.016,0.0032210897016530945
0.072,0.058,0.058,0.068,0.06,0.057,0.02239444073751362
0.014,0.016,0.012,0.016,0.015,0.011,0.0004191214312009007
0.077,0.048,0.032,0.067,0.045,0.031,0.023372431553834346
0.034,0.033,0.03,0.037,0.034,0.03,0.015840480034741745
0.055,0.05,0.05,0.052,0.052,0.05,7.735398760633234e-05
0.044,0.035,0.044,0.045,0.036,0.042,0.0006539623185702727
0.099,0.05,0.074,0.08,0.055,0.076,0.018256280721029566
0.013,0.029,0.02,0.015,0.027,0.016,0.002438210580518337
0.036,0.033,0.036,0.035,0.033,0.036,0.00010866456764316926
0.028,0.051,0.026,0.027,0.05,0.018,0.013344118756406235
0.333,0.4155,0.3385,0.241,0.476,0.2585,0.43843087233070543
0.019,0.064,0.023,0.017,0.058,0.019,0.02004584533419591
0.018,0.019,0.02,0.022,0.019,0.02,0.007672771879398259
0.039,0.037,0.027,0.06,0.032,0.036,0.015184129861339457
0.7,0.7175,0.783,0.468,0.92,0.3635,0.9598030421469745
0.2195,0.016,0.037,0.303,0.014,0.078,0.002854010847905672
0.005,0.012,0.01,0.003,0.014,0.008,0.0033789055881338678
0.019,0.04,0.023,0.006,0.035,0.007,0.009080255404995614
0.119,0.048,0.097,0.055,0.0605,0.052,0.17550011935954785
0.079,0.064,0.066,0.088,0.061,0.071,0.01326028528472303
0.114,0.108,0.089,0.092,0.123,0.074,0.05769160750166057
0.026,0.078,0.047,0.017,0.081,0.031,0.02514835105988051
0.022,0.033,0.034,0.03,0.033,0.036,0.0005920034062774274
0.047,0.019,0.024,0.0605,0.018,0.031,0.006273588417563152
0.071,0.077,0.082,0.04,0.063,0.051,0.04624850187792683
0.044,0.23,0.098,0.02,0.26,0.045,0.22711920625755216
0.189,0.204,0.174,0.2195,0.205,0.184,0.29594666704623346
0.002,0.01,0.007,0.004,0.009,0.006,0.002783906935697817
0.115,0.0435,0.038,0.102,0.04,0.043,0.018567202581379953
0.175,0.175,0.16,0.2,0.182,0.159,0.1439889057243597
0.123,0.118,0.109,0.145,0.116,0.12,0.05716361807245484
0.552,0.417,0.4765,0.5905,0.4105,0.56,0.38705891985890084
0.066,0.087,0.043,0.033,0.102,0.032,0.04017690426536041
0.149,0.2255,0.174,0.144,0.2525,0.15,0.33673826671301965
0.231,0.044,0.05,0.268,0.044,0.069,0.010973789170043874
0.015,0.016,0.013,0.0255,0.021,0.014,0.007456941524873487
0.006,0.002,0.002,0.006,0.002,0.003,0.00016290829829992243
0.082,0.0975,0.075,0.075,0.111,0.069,0.2089659066687016
0.209,0.175,0.1485,0.1605,0.195,0.146,0.15513632744897513
0.1,0.064,0.077,0.079,0.073,0.094,0.040434235248669306
0.37,0.4345,0.438,0.406,0.418,0.44,0.4672195928802746
0.072,0.185,0.109,0.064,0.301,0.068,0.12259079004810051
0.053,0.035,0.036,0.051,0.038,0.038,0.01820373650499911
0.029,0.037,0.031,0.028,0.047,0.0225,0.000785501950263693
0.06,0.042,0.054,0.076,0.05,0.0465,0.01757059481761826
0.434,0.343,0.373,0.429,0.3305,0.4035,0.27229009628846135
0.2975,0.2775,0.323,0.295,0.27,0.3225,0.2829979549989971
0.248,0.171,0.181,0.2845,0.165,0.195,0.14811597817998942
0.004,0.005,0.003,0.007,0.006,0.002,0.00016391143937441615
0.135,0.108,0.116,0.129,0.1085,0.118,0.04941262696709515
0.054,0.033,0.043,0.053,0.0355,0.044,0.001836842048067107
0.014,0.03,0.01,0.014,0.035,0.011,0.005691022526149505
0.069,0.032,0.037,0.066,0.037,0.037,9.263199165200736e-05
0.151,0.078,0.087,0.214,0.075,0.112,0.03551119152048096
0.081,0.107,0.076,0.065,0.1265,0.0605,0.097941300501616
0.176,0.347,0.2435,0.1695,0.3375,0.214,0.38587142741109104
0.1745,0.125,0.142,0.278,0.14,0.143,0.10575632404147269
0.04,0.039,0.039,0.038,0.04,0.039,0.004484205710460164
0.022,0.088,0.048,0.03,0.097,0.027,0.042316834983318036
0.013,0.047,0.031,0.017,0.044,0.023,0.01562598300560109
0.12,0.117,0.0945,0.106,0.119,0.0975,0.1632921713296927
0.009,0.004,0.004,0.009,0.004,0.006,0.00012283556367835607
0.1245,0.106,0.101,0.136,0.102,0.113,0.06969937235311684
0.716,0.702,0.808,0.1905,0.9405,0.209,0.9086354765829151
0.001,0.001,0.001,0.001,0.001,0.001,3.837571117963589e-09
0.155,0.121,0.133,0.176,0.1085,0.163,0.07153900436837739
0.169,0.106,0.1175,0.141,0.137,0.0925,0.036418668939300035
0.007,0.011,0.007,0.005,0.015,0.005,0.0033786349834778002
0.084,0.074,0.075,0.081,0.078,0.076,0.015507978245379228
0.032,0.111,0.078,0.03,0.124,0.059,0.05293962224781809
0.201,0.175,0.18,0.145,0.184,0.1535,0.2738911105370502
0.049,0.07,0.052,0.05,0.068,0.048,0.026426228625766754
0.028,0.08,0.05,0.03,0.081,0.038,0.07202076826211518
0.084,0.239,0.129,0.079,0.2605,0.094,0.1786922031642745
0.187,0.1045,0.129,0.148,0.099,0.128,0.06957112058377254
0.591,0.2575,0.311,0.706,0.2765,0.336,0.19819257931574882
0.007,0.008,0.004,0.007,0.005,0.003,0.005167514306702058
0.008,0.015,0.015,0.009,0.016,0.011,0.002492848085923636
0.015,0.005,0.004,0.019,0.005,0.005,0.0007802102817455663
0.002,0.004,0.001,0.002,0.003,0.002,0.0001921453888080134
0.003,0.001,0.001,0.004,0.001,0.003,0.00013065072502132236
0.098,0.172,0.154,0.096,0.183,0.137,0.14849004326740356
0.172,0.045,0.066,0.161,0.0835,0.074,0.01376007595632704
0.275,0.169,0.144,0.3215,0.155,0.165,0.12822068223884453
0.017,0.008,0.006,0.013,0.008,0.006,0.0004868636957400824
0.137,0.137,0.1305,0.1185,0.146,0.123,0.12952061467934506
0.027,0.023,0.025,0.021,0.029,0.016,0.011097789474078213
0.012,0.024,0.015,0.021,0.024,0.013,0.003916319501097402
0.415,0.269,0.299,0.398,0.258,0.341,0.2682439421816752
0.047,0.052,0.049,0.038,0.091,0.042,0.02091044570829596
0.01,0.039,0.014,0.017,0.035,0.013,0.01122430345889826
0.079,0.117,0.079,0.091,0.109,0.055,0.08099614663795761
0.046,0.0485,0.042,0.042,0.048,0.041,0.0013957057882906516
0.189,0.378,0.265,0.124,0.494,0.175,0.3149217858711183
0.009,0.056,0.012,0.007,0.054,0.008,0.012218485467309421
0.011,0.004,0.004,0.018,0.004,0.009,0.003304815310803246
0.036,0.038,0.038,0.041,0.037,0.039,0.0011222006895699231
0.059,0.04,0.044,0.057,0.045,0.0415,0.00707176234929664
0.141,0.308,0.16,0.035,0.4545,0.059,0.28440667601767716
0.0715,0.075,0.069,0.055,0.07,0.055,0.05596359157421377
0.004,0.01,0.004,0.004,0.011,0.003,0.0026662911623777912
0.088,0.0585,0.047,0.072,0.0565,0.051,0.012539230521962886
0.017,0.025,0.008,0.02,0.025,0.012,0.0027046515712696403
0.511,0.6965,0.592,0.357,0.885,0.393,0.6669755034799614
0.062,0.081,0.067,0.054,0.0795,0.059,0.09069088611197139
0.277,0.2975,0.278,0.228,0.306,0.239,0.347046362933204
0.009,0.002,0.004,0.013,0.002,0.005,0.0005735065542817438
0.084,0.13,0.132,0.09,0.121,0.124,0.08594986863876576
0.062,0.072,0.075,0.081,0.077,0.075,0.015558690665122797
0.001,0.022,0.002,0.001,0.018,0.001,0.006481842445253526
0.013,0.02,0.012,0.01,0.019,0.012,0.00874373816939909
0.064,0.198,0.104,0.068,0.1845,0.091,0.22414168422027428
0.169,0.105,0.058,0.177,0.091,0.075,0.07477566650986804
0.3475,0.407,0.2885,0.3415,0.4625,0.25,0.34940851492037717
0.187,0.11,0.065,0.1855,0.104,0.074,0.07252651266452549
0.02,0.033,0.025,0.027,0.031,0.022,0.017769655511356435
0.034,0.034,0.035,0.041,0.036,0.037,0.011298464690826288
0.085,0.127,0.071,0.064,0.137,0.062,0.12660112077098737
0.061,0.193,0.085,0.207,0.115,0.141,0.19368051892983015
0.029,0.035,0.02,0.025,0.034,0.021,0.013298112845764546
0.035,0.047,0.038,0.029,0.045,0.032,0.0028530634527416283
0.035,0.0385,0.022,0.032,0.047,0.021,0.01301157192604567
0.004,0.002,0.002,0.004,0.002,0.003,0.0009049592649205522
0.031,0.033,0.028,0.036,0.034,0.028,0.017687566816149775
0.039,0.048,0.041,0.036,0.049,0.04,0.004374466113638509
0.003,0.002,0.002,0.004,0.002,0.002,7.597769543642876e-05
0.044,0.041,0.0345,0.042,0.042,0.033,0.011835742498642318
0.026,0.037,0.029,0.017,0.045,0.02,0.005589599571022762
0.042,0.057,0.045,0.038,0.063,0.041,0.012231940983722068
0.038,0.037,0.028,0.04,0.038,0.031,0.0006560034267189016
0.006,0.003,0.004,0.003,0.005,0.004,1.7470819253892763e-05
0.039,0.063,0.046,0.037,0.059,0.041,0.03127126563334822
0.034,0.017,0.017,0.026,0.02,0.013,0.00021979634068876075
0.029,0.037,0.019,0.021,0.0395,0.018,0.016448175726911252
0.1,0.107,0.0925,0.141,0.106,0.094,0.05288546675568878
0.012,0.006,0.005,0.011,0.005,0.006,0.0001471723799611579
0.747,0.7545,0.735,0.761,0.7045,0.7885,0.810668191098204
0.018,0.01,0.009,0.02,0.0115,0.014,0.004960264387032709
0.62,0.1895,0.688,0.759,0.457,0.753,0.11638922232745702
0.008,0.014,0.006,0.01,0.015,0.006,0.0019510852725805273
0.09,0.131,0.093,0.102,0.123,0.089,0.08917334093232769
0.128,0.081,0.081,0.192,0.078,0.11,0.027604449402866785
0.265,0.1805,0.188,0.176,0.208,0.195,0.12856248155871133
0.008,0.01,0.01,0.003,0.006,0.004,0.0005865920380168683
0.152,0.2135,0.124,0.1255,0.226,0.092,0.18897811221329397
0.0345,0.039,0.036,0.032,0.041,0.035,0.00552640650959114
0.09,0.111,0.098,0.078,0.11,0.092,0.07029140527048353
0.769,0.8215,0.8315,0.787,0.794,0.86,0.886996765267362
0.009,0.007,0.009,0.011,0.006,0.01,2.6354614173870033e-16
0.373,0.376,0.306,0.378,0.378,0.3535,0.3814193223186013
0.191,0.12,0.139,0.208,0.11,0.176,0.07305948785785094
0.032,0.044,0.034,0.022,0.05,0.031,0.00896091005288946
0.118,0.1895,0.092,0.157,0.239,0.075,0.15678944205863982
0.005,0.005,0.003,0.013,0.004,0.003,9.082986545516842e-05
0.017,0.013,0.013,0.016,0.017,0.009,0.0013720437419951694
0.014,0.023,0.02,0.009,0.025,0.014,0.001845627212020309
0.052,0.0595,0.052,0.045,0.073,0.052,0.016502076041382555
0.718,0.275,0.725,0.5975,0.329,0.601,0.40078878994372624
0.133,0.142,0.145,0.118,0.146,0.139,0.11260049218448838
0.318,0.277,0.321,0.3325,0.2835,0.3375,0.28880918332192457
0.059,0.055,0.058,0.06,0.061,0.058,0.0059715428791159925
0.037,0.03,0.026,0.041,0.03,0.031,0.0008981298555447178
0.121,0.073,0.086,0.117,0.0845,0.086,0.025605378452551092
0.03,0.029,0.031,0.033,0.03,0.03,0.00016323248717880364
0.081,0.049,0.055,0.0665,0.088,0.04,0.018012268899278105
0.063,0.059,0.055,0.05,0.062,0.052,0.005357633963198911
0.133,0.259,0.1195,0.101,0.2735,0.1,0.22664260880313625
0.014,0.014,0.009,0.016,0.018,0.011,0.0015831937726494953
0.841,0.838,0.876,0.8825,0.8105,0.884,0.8853445305805088
0.018,0.014,0.017,0.013,0.015,0.014,0.0035657022723533265
0.018,0.017,0.012,0.015,0.018,0.009,0.006368995942487285
0.004,0.004,0.005,0.004,0.004,0.005,0.0001365151616887391
0.072,0.063,0.054,0.075,0.06,0.065,0.005193038532603577
0.022,0.015,0.007,0.03,0.012,0.008,0.002344050020976029
0.367,0.183,0.165,0.3965,0.141,0.239,0.110904741870536
0.031,0.038,0.029,0.026,0.04,0.028,0.006453986843743614
0.006,0.006,0.007,0.009,0.006,0.006,0.001400779352458311
0.011,0.022,0.013,0.007,0.02,0.012,0.0047189110554539
0.057,0.041,0.051,0.045,0.043,0.044,0.019947857346954794
0.053,0.0515,0.021,0.037,0.042,0.022,0.035078590026633376
0.041,0.032,0.042,0.047,0.032,0.045,0.0019912552485424908
0.299,0.141,0.679,0.089,0.133,0.185,0.10154424563455744
0.012,0.037,0.014,0.014,0.031,0.011,0.005464860782983243
0.028,0.015,0.016,0.032,0.015,0.02,0.007497856667419128
0.025,0.087,0.054,0.016,0.127,0.024,0.06104147226413879
0.005,0.042,0.004,0.004,0.042,0.002,0.02000807869574908
0.014,0.022,0.011,0.011,0.019,0.011,7.367809096840336e-05
0.003,0.005,0.002,0.001,0.005,0.001,0.0004136546597671617
0.027,0.03,0.042,0.0305,0.03,0.038,0.006770500622981012
0.046,0.067,0.029,0.045,0.062,0.03,0.03588635765239522
0.108,0.092,0.084,0.091,0.121,0.08,0.061395358659135514
0.06,0.06,0.051,0.064,0.066,0.048,0.04785034245763577
0.2615,0.44,0.3635,0.268,0.4365,0.336,0.40956271945634115
0.027,0.058,0.022,0.034,0.052,0.025,0.018430808477598294
0.001,0.002,0.001,0.001,0.002,0.001,8.975077741216896e-06
0.4115,0.179,0.181,0.3925,0.172,0.229,0.11680134064389444
0.014,0.013,0.01,0.0165,0.012,0.013,0.004637146326181939
0.084,0.094,0.076,0.093,0.101,0.074,0.09973122897956938
0.029,0.0985,0.047,0.03,0.103,0.024,0.05613660762407219
0.05,0.06,0.041,0.062,0.06,0.035,0.018567420823328212
0.5155,0.302,0.4895,0.535,0.34,0.488,0.2664605235864378
0.001,0.016,0.002,0.001,0.011,0.001,0.0010778178684823052
0.008,0.046,0.011,0.013,0.039,0.011,0.01776011586311036
0.0275,0.074,0.0325,0.025,0.062,0.024,0.03379034822164793
0.003,0.009,0.004,0.002,0.008,0.003,0.00045903828460397975
0.159,0.12,0.1175,0.189,0.1395,0.124,0.072709288716871
0.272,0.337,0.247,0.326,0.322,0.275,0.28148148712315324
0.27,0.1985,0.4225,0.354,0.224,0.29,0.15499696283749106
0.019,0.005,0.009,0.021,0.009,0.012,0.0002542948098037216
0.145,0.119,0.119,0.171,0.138,0.137,0.0976216351039959
0.023,0.008,0.009,0.027,0.008,0.011,0.0010868962175443705
0.045,0.08,0.035,0.062,0.067,0.04,0.04998635218657291
0.5095,0.308,0.448,0.5265,0.335,0.4695,0.38029909757878555
0.04,0.054,0.048,0.029,0.057,0.031,0.02912822937145022
0.013,0.017,0.011,0.009,0.018,0.009,0.0032871612499995395
0.476,0.54,0.524,0.5725,0.464,0.63,0.5013108039135769
0.272,0.728,0.251,0.1535,0.7295,0.207,0.8238671851713866
0.057,0.087,0.062,0.073,0.078,0.056,0.05224777219629368
0.12,0.081,0.084,0.098,0.0855,0.081,0.05372371251257496
0.046,0.169,0.079,0.032,0.1935,0.047,0.13286136695143222
0.319,0.302,0.265,0.303,0.559,0.227,0.25719639857808896
0.008,0.009,0.006,0.005,0.01,0.006,0.0016766751611635767
0.014,0.033,0.017,0.004,0.039,0.006,0.0023914888790671916
0.009,0.006,0.006,0.007,0.006,0.008,0.0011137736711839363
0.564,0.5535,0.6035,0.7925,0.673,0.7975,0.5348864839165689
0.008,0.004,0.003,0.005,0.004,0.003,7.789612186133153e-06
0.084,0.098,0.089,0.087,0.107,0.077,0.0263363725312916
0.11,0.1075,0.094,0.085,0.118,0.078,0.2218940526733436
0.4665,0.593,0.5705,0.44,0.6615,0.5,0.5832414104015041
0.058,0.061,0.059,0.057,0.059,0.056,0.016431514487949515
0.134,0.049,0.065,0.135,0.05,0.073,0.005295558073757001
0.031,0.076,0.049,0.025,0.074,0.042,0.049004908584209306
0.002,0.001,0.001,0.003,0.003,0.003,0.0007026369700654615
0.215,0.057,0.04,0.2605,0.059,0.07,0.029787319668975167
0.14,0.208,0.124,0.138,0.228,0.1,0.17594417682785846
0.453,0.7545,0.592,0.581,0.716,0.4535,0.838104967328296
0.03,0.024,0.024,0.042,0.022,0.036,0.0035051035356214247
0.008,0.012,0.007,0.008,0.011,0.006,0.0011955715115093584
0.129,0.127,0.122,0.1425,0.13,0.146,0.09115450843071202
0.4175,0.268,0.335,0.359,0.355,0.3265,0.2377656530308627
0.052,0.043,0.031,0.0495,0.044,0.035,0.014249567006465479
0.137,0.072,0.074,0.114,0.063,0.091,0.04670450855648873
0.031,0.017,0.017,0.022,0.016,0.019,0.0002767365658666576
0.133,0.1185,0.124,0.14,0.119,0.126,0.05961149708680881
0.11,0.107,0.114,0.113,0.114,0.109,0.03897968849278367
0.12,0.126,0.099,0.113,0.118,0.107,0.07226297332471099
0.004,0.008,0.007,0.005,0.008,0.008,0.0018668897518582938
0.07,0.019,0.031,0.058,0.025,0.041,0.0038886565247402303
0.285,0.33,0.314,0.279,0.327,0.3075,0.3351979285359469
0.031,0.058,0.028,0.029,0.05,0.019,0.03900681738236951
0.082,0.034,0.038,0.086,0.033,0.039,0.007404592837885436
0.05,0.032,0.027,0.044,0.033,0.024,0.010165685499854806
0.001,0.006,0.002,0.001,0.005,0.001,0.00021239019699054813
0.183,0.1765,0.171,0.1835,0.174,0.172,0.13350439802139139
0.013,0.025,0.014,0.012,0.029,0.011,0.01163568672253702
0.005,0.001,0.001,0.006,0.001,0.001,0.0004102867665790224
0.097,0.036,0.04,0.103,0.04,0.053,0.0029147184296882704
0.002,0.002,0.002,0.001,0.002,0.002,0.00015117923111331778
0.091,0.079,0.081,0.084,0.082,0.081,0.009381830636628381
0.098,0.102,0.098,0.099,0.107,0.095,0.02718992937877389
0.029,0.036,0.027,0.027,0.039,0.025,0.002052001631926401
0.12,0.0695,0.078,0.12,0.089,0.092,0.02306801774079574
0.016,0.03,0.017,0.0375,0.0375,0.019,0.018452842410919084
0.084,0.049,0.041,0.1,0.057,0.045,0.0347459929826048
0.715,0.8265,0.833,0.801,0.827,0.8205,0.9718889842780334
0.23,0.235,0.222,0.22,0.2365,0.2135,0.15778613247215725
0.022,0.024,0.018,0.017,0.024,0.014,0.00815468906097682
0.054,0.072,0.063,0.041,0.0695,0.046,0.05106778434748108
0.085,0.037,0.042,0.081,0.038,0.056,0.011166566515394431
0.036,0.02,0.025,0.023,0.027,0.019,0.0014719854091518997
0.22,0.1015,0.115,0.261,0.097,0.15,0.026685680189246525
0.024,0.019,0.017,0.021,0.025,0.014,0.005922807756107853
0.019,0.0935,0.022,0.018,0.074,0.014,0.07479623120397731
0.077,0.074,0.074,0.078,0.076,0.077,0.05099878849435129
0.0495,0.117,0.072,0.025,0.33,0.021,0.08577763518544206
0.031,0.172,0.071,0.024,0.147,0.047,0.15900917618143687
0.006,0.014,0.007,0.008,0.011,0.01,0.0030928193964246363
0.008,0.113,0.01,0.002,0.098,0.005,0.11535485779196399
0.17,0.246,0.182,0.139,0.271,0.1285,0.2579512346104041
0.094,0.1505,0.113,0.101,0.176,0.087,0.11735554654901295
0.591,0.746,0.819,0.567,0.7245,0.759,0.7582630090140683
0.223,0.1685,0.238,0.248,0.184,0.235,0.15650571767102656
0.062,0.093,0.071,0.065,0.086,0.074,0.048544809800107384
0.048,0.188,0.05,0.052,0.2045,0.035,0.17443939619040938
0.013,0.028,0.016,0.012,0.029,0.013,0.008840438156932928
0.043,0.0225,0.024,0.037,0.019,0.022,0.006905265378872905
0.195,0.112,0.142,0.163,0.116,0.157,0.054610560107572315
0.023,0.101,0.027,0.016,0.118,0.018,0.10915838628587295
0.041,0.066,0.048,0.043,0.072,0.043,0.02786632909564915
0.675,0.147,0.686,0.3845,0.186,0.345,0.10396080544098314
0.019,0.038,0.028,0.018,0.044,0.015,0.015561213035175166
0.346,0.015,0.15,0.301,0.026,0.183,0.0024162053942661846
0.133,0.263,0.106,0.076,0.246,0.084,0.3075864835946952
0.356,0.358,0.3595,0.436,0.375,0.369,0.3739973498529049
0.059,0.031,0.024,0.04,0.03,0.023,0.019376225966135596
0.027,0.03,0.029,0.037,0.027,0.028,0.012081214210774578
0.127,0.1805,0.153,0.13,0.19,0.147,0.2963081020617833
0.367,0.485,0.405,0.288,0.857,0.271,0.4997014777706714
0.053,0.072,0.048,0.049,0.08,0.042,0.03920346736268613
0.055,0.042,0.036,0.053,0.044,0.033,0.013298999501895175
0.043,0.043,0.054,0.05,0.041,0.052,0.0008253578350915977
0.226,0.3205,0.318,0.228,0.316,0.26,0.2644755461076124
0.101,0.043,0.06,0.049,0.055,0.047,0.01761919758584296
0.01,0.006,0.007,0.008,0.0135,0.006,0.0024448647903776194
0.087,0.068,0.056,0.074,0.074,0.064,0.06673969883557974
0.005,0.012,0.004,0.004,0.012,0.003,0.001601920333380037
0.252,0.285,0.251,0.2815,0.24,0.277,0.24908155576524824
0.051,0.016,0.044,0.044,0.02,0.037,1.3326386675645705e-05
0.676,0.061,0.094,0.185,0.0655,0.1105,0.0020920023022767673
0.621,0.231,0.2905,0.7265,0.2375,0.377,0.19956534825206468
0.088,0.07,0.079,0.074,0.084,0.062,0.010106771285304164
0.328,0.344,0.2545,0.325,0.3525,0.248,0.3287142523807751
0.024,0.02,0.015,0.022,0.019,0.016,0.008122852862251036
0.197,0.033,0.032,0.202,0.03,0.063,0.008012961199844867
0.031,0.037,0.036,0.026,0.04,0.031,0.00479373137541678
0.626,0.7585,0.828,0.694,0.725,0.7855,0.801569083161987
0.004,0.006,0.006,0.003,0.008,0.005,0.0004778138069706689
0.1755,0.06,0.07,0.2195,0.068,0.092,0.018865952161821263
0.042,0.049,0.043,0.042,0.053,0.042,0.011808226876367067
0.1445,0.173,0.151,0.142,0.2005,0.128,0.10973217476600618
0.059,0.051,0.051,0.058,0.053,0.045,0.035582677165523116
0.248,0.371,0.29,0.282,0.41,0.274,0.4765071579962913
0.026,0.056,0.034,0.018,0.048,0.026,0.021149437738508674
0.3815,0.36,0.276,0.309,0.403,0.283,0.36103566158735445
0.012,0.031,0.014,0.014,0.027,0.014,0.009070150097147348
0.002,0.003,0.003,0.003,0.002,0.003,9.057331085374447e-07
0.038,0.094,0.036,0.033,0.1,0.028,0.08958531751808738
0.061,0.021,0.029,0.053,0.021,0.03,0.003115435224824722
0.202,0.099,0.108,0.243,0.0945,0.129,0.03157480361492982
0.055,0.075,0.041,0.026,0.104,0.021,0.04677369659508836
0.0865,0.139,0.1,0.059,0.187,0.064,0.08141392318165146
0.289,0.1605,0.1705,0.342,0.155,0.222,0.09895011723721882
0.105,0.074,0.089,0.1275,0.075,0.098,0.012647698362736338
0.041,0.033,0.032,0.039,0.032,0.033,0.0002813839857014313
0.031,0.209,0.039,0.029,0.21,0.022,0.23344816014234016
0.015,0.024,0.018,0.014,0.024,0.012,0.0018463207360738146
0.042,0.032,0.019,0.02,0.027,0.014,0.006692668340144264
0.019,0.1,0.016,0.014,0.074,0.011,0.062401284060683404
0.016,0.017,0.013,0.009,0.025,0.011,0.001118919842080684
0.048,0.09,0.038,0.056,0.087,0.032,0.047136019658351076
0.381,0.1355,0.144,0.47,0.13,0.174,0.05743818417538485
0.163,0.2005,0.154,0.198,0.1945,0.146,0.18103402590562906
0.01,0.01,0.007,0.011,0.009,0.011,0.0008887535332197737
0.031,0.0465,0.04,0.043,0.0395,0.046,0.0003938371625035431
0.016,0.017,0.016,0.016,0.02,0.015,2.725660130620947e-06
0.319,0.089,0.065,0.109,0.069,0.11,0.037701582351213
0.02,0.026,0.026,0.018,0.027,0.022,0.009173771595406537
0.034,0.024,0.022,0.029,0.031,0.025,0.013212044178995753
0.016,0.002,0.002,0.023,0.002,0.007,0.0002997630660497892
0.102,0.06,0.073,0.098,0.061,0.079,0.0206821816151889
0.1,0.136,0.102,0.11,0.14,0.097,0.05803105101428581
0.01,0.011,0.012,0.016,0.012,0.014,0.004174741386984046
0.052,0.133,0.08,0.036,0.127,0.047,0.1414245777505865
0.024,0.007,0.01,0.02,0.009,0.012,0.0005640603573910194
0.109,0.03,0.039,0.134,0.028,0.043,0.002889661564181364
0.063,0.0565,0.061,0.062,0.063,0.062,0.004052935065132545
0.315,0.4005,0.324,0.221,0.678,0.234,0.3406213412963123
0.009,0.003,0.002,0.006,0.006,0.001,0.000166868987700247
0.004,0.007,0.005,0.005,0.006,0.004,0.0009951894061361723
0.021,0.046,0.03,0.009,0.067,0.01,0.01468086605342085
0.2175,0.4925,0.257,0.1645,0.485,0.1795,0.48773983576340296
0.126,0.123,0.136,0.1055,0.134,0.119,0.08352525337238918
0.45,0.393,0.381,0.483,0.378,0.4295,0.4354765312917779
0.011,0.009,0.008,0.009,0.011,0.009,3.7622219386575335e-18
0.186,0.159,0.18,0.1765,0.173,0.178,0.22229630864134794
0.199,0.225,0.191,0.2495,0.21,0.18,0.22230382555077774
0.036,0.049,0.032,0.07,0.041,0.037,0.015760703225840583
0.016,0.007,0.007,0.013,0.007,0.01,0.00030496442878294374
0.012,0.001,0.001,0.012,0.001,0.005,0.0001989576504795601
0.175,0.201,0.185,0.179,0.195,0.194,0.13264402276244308
0.059,0.193,0.03,0.013,0.138,0.013,0.2858980598642646
0.079,0.175,0.079,0.06,0.262,0.046,0.1379544202703222
0.086,0.031,0.036,0.071,0.031,0.045,0.0031088674434378966
0.057,0.03,0.032,0.052,0.03,0.039,0.013879110601285822
0.088,0.082,0.086,0.09,0.081,0.087,0.012203484081876537
0.076,0.088,0.073,0.085,0.095,0.075,0.06695944780542007
0.253,0.2365,0.219,0.2285,0.249,0.211,0.2308879404849327
0.042,0.032,0.035,0.0585,0.03,0.047,0.015266702564900182
0.005,0.038,0.006,0.003,0.035,0.004,0.013452769942733697
0.384,0.3245,0.294,0.35,0.341,0.3045,0.30301585366389666
0.022,0.006,0.008,0.018,0.008,0.013,0.0013348205509734464
0.007,0.006,0.007,0.008,0.006,0.007,1.1088581274092275e-05
0.7475,0.647,0.679,0.7215,0.674,0.819,0.6657374700051852
0.064,0.041,0.047,0.062,0.037,0.04,0.009326585262564056
0.003,0.002,0.002,0.004,0.002,0.004,6.865702153569401e-05
0.022,0.004,0.006,0.028,0.004,0.011,0.0004320066620519563
0.076,0.056,0.057,0.065,0.055,0.061,0.006113698966250095
0.047,0.093,0.046,0.053,0.094,0.048,0.07309112048520477
0.005,0.016,0.004,0.005,0.016,0.002,0.0009436410681980441
0.028,0.033,0.028,0.029,0.035,0.025,8.870390949715768e-12
0.003,0.002,0.002,0.002,0.002,0.002,4.527413549078379e-06
0.113,0.128,0.092,0.139,0.1335,0.092,0.08796282963041707
0.368,0.144,0.203,0.35,0.157,0.249,0.09711897678488393
0.09,0.067,0.064,0.073,0.09,0.059,0.05666648309979762
0.008,0.008,0.007,0.007,0.009,0.008,7.630803961684125e-06
0.039,0.087,0.055,0.034,0.088,0.05,0.044575147643314425
0.096,0.133,0.089,0.0855,0.15,0.071,0.1210940117104523
0.077,0.068,0.041,0.061,0.07,0.036,0.0421269908450443
0.083,0.071,0.045,0.061,0.083,0.045,0.04152246049748276
0.432,0.0875,0.14,0.176,0.113,0.147,0.01815601547348086
0.064,0.1525,0.059,0.035,0.182,0.028,0.23200758301399338
0.108,0.233,0.123,0.1185,0.2395,0.091,0.16940681493020102
0.046,0.059,0.055,0.054,0.065,0.055,0.025839372161556667
0.142,0.114,0.104,0.226,0.088,0.099,0.08505537930215294
0.022,0.006,0.007,0.026,0.004,0.009,1.3648722638751917e-05
0.008,0.027,0.005,0.009,0.021,0.004,0.006847367080006809
0.138,0.279,0.145,0.111,0.452,0.09,0.21914534333871893
0.2945,0.403,0.314,0.289,0.3995,0.281,0.3487567171046074
0.014,0.035,0.009,0.019,0.03,0.01,0.013976597019005162
0.208,0.201,0.223,0.249,0.185,0.237,0.1461096699906558
0.098,0.159,0.097,0.105,0.169,0.076,0.11742710997525668
0.434,0.508,0.4205,0.461,0.578,0.4065,0.5198223863013234
0.095,0.074,0.057,0.058,0.06,0.043,0.0325315254828056
0.035,0.046,0.038,0.032,0.047,0.032,0.021608125657388604
0.071,0.217,0.055,0.029,0.185,0.026,0.4250208342571222
0.011,0.006,0.006,0.013,0.006,0.006,0.0009940972448964059
0.26,0.354,0.264,0.295,0.33,0.264,0.32327202706256375
0.054,0.024,0.023,0.087,0.024,0.032,0.010717204909911533
0.115,0.174,0.107,0.098,0.174,0.084,0.11445018041789067
0.0835,0.085,0.072,0.088,0.089,0.07,0.050547936013202434
0.086,0.089,0.089,0.082,0.091,0.087,0.021125343979854258
0.331,0.3775,0.229,0.303,0.482,0.189,0.4046609756573125
0.036,0.039,0.029,0.031,0.042,0.023,0.023889453796068043
0.01,0.007,0.008,0.011,0.007,0.007,0.0016298532447011843
0.08,0.149,0.118,0.056,0.152,0.085,0.12351618354790497
0.064,0.142,0.061,0.065,0.109,0.058,0.09881287661177493
0.017,0.061,0.026,0.016,0.06,0.021,0.024305094626712702
0.073,0.089,0.082,0.074,0.095,0.078,0.02036936578466756
0.018,0.037,0.03,0.015,0.044,0.021,0.022051003477002687
0.037,0.049,0.0465,0.04,0.051,0.042,0.003676114510258913
0.017,0.026,0.022,0.016,0.026,0.019,0.014789623557972288
0.01,0.016,0.008,0.014,0.015,0.008,0.004770885702208612
0.147,0.045,0.05,0.135,0.053,0.054,0.03569985841865082
0.112,0.1415,0.136,0.129,0.137,0.136,0.10754068147347583
0.047,0.03,0.032,0.042,0.035,0.031,6.24752150742109e-05
0.12,0.07,0.069,0.097,0.067,0.076,0.015286705517929376
0.001,0.002,0.002,0.001,0.002,0.002,2.6653133190867837e-05
0.13,0.035,0.039,0.107,0.034,0.042,0.023003458518103016
0.189,0.087,0.072,0.083,0.121,0.049,0.05452943743725953
0.095,0.089,0.079,0.085,0.087,0.07,0.039397352250240755
0.02,0.016,0.019,0.034,0.017,0.02,0.004190317815136497
0.022,0.082,0.042,0.0225,0.075,0.028,0.039873573169422596
0.053,0.049,0.048,0.0615,0.046,0.05,0.012092964576478616
0.053,0.021,0.025,0.058,0.024,0.032,0.0022213948994149048
0.192,0.15,0.1495,0.198,0.167,0.139,0.10360797422211744
0.003,0.012,0.006,0.003,0.013,0.003,0.004399215982003064
0.002,0.001,0.002,0.002,0.001,0.001,5.743060044460234e-06
0.001,0.002,0.001,0.002,0.002,0.001,9.770953469313169e-05
0.033,0.0825,0.052,0.024,0.092,0.033,0.04553507590066618
0.126,0.061,0.069,0.123,0.058,0.079,0.025372344155475537
0.211,0.2875,0.238,0.165,0.299,0.18,0.35104818100677004
0.04,0.041,0.035,0.05,0.041,0.043,0.00042705785064761626
0.206,0.2415,0.227,0.2115,0.253,0.211,0.17882667332440189
0.051,0.064,0.055,0.044,0.067,0.049,2.365920784905036e-05
0.121,0.085,0.1095,0.1265,0.093,0.113,0.018924917653573927
0.051,0.0465,0.041,0.053,0.0435,0.044,0.005921709966846369
0.049,0.098,0.067,0.024,0.099,0.043,0.10038135454091433
0.036,0.023,0.02,0.038,0.024,0.0225,0.004435521974990902
0.001,0.001,0.001,0.001,0.001,0.001,2.4449157590599908e-05
0.005,0.007,0.005,0.005,0.008,0.005,0.0005447054685162454
0.223,0.325,0.254,0.197,0.3815,0.23,0.40204159443087817
0.003,0.012,0.003,0.001,0.017,0.002,0.0021547204746734153
0.004,0.027,0.004,0.003,0.017,0.004,0.010690212332970597
0.179,0.171,0.161,0.209,0.167,0.157,0.13092095162141779
0.0825,0.093,0.036,0.033,0.068,0.023,0.0909259463560029
0.351,0.243,0.233,0.3665,0.242,0.2825,0.20264639687377428
0.229,0.153,0.124,0.2465,0.154,0.138,0.13339632526084483
0.01,0.01,0.01,0.007,0.011,0.008,0.002587909957479781
0.119,0.107,0.095,0.121,0.11,0.091,0.12503265250601586
0.141,0.052,0.117,0.167,0.056,0.167,0.0085599144057919
0.015,0.042,0.033,0.013,0.042,0.023,0.02516895194653311
0.17,0.1655,0.145,0.158,0.182,0.138,0.1828914424020329
0.051,0.037,0.035,0.053,0.033,0.039,0.014475987454234767
0.064,0.076,0.046,0.044,0.071,0.034,0.033995644936015604
0.074,0.089,0.09,0.07,0.0945,0.086,0.06122042081422815
0.028,0.045,0.029,0.021,0.055,0.024,0.020251193144553887
0.032,0.06,0.046,0.032,0.064,0.038,0.026841696055305956
0.009,0.006,0.006,0.007,0.006,0.007,0.00017799115986859976
0.133,0.141,0.134,0.131,0.149,0.137,0.09416266880109742
0.037,0.04,0.039,0.053,0.038,0.045,0.011240981988637435
0.116,0.065,0.058,0.045,0.074,0.047,0.04780688968437411
0.017,0.01,0.013,0.018,0.01,0.017,0.0014705406198914858
0.004,0.032,0.006,0.005,0.027,0.004,0.008486394944713026
0.409,0.26,0.235,0.4675,0.2445,0.2665,0.2377668250864898
0.007,0.033,0.008,0.003,0.024,0.003,0.0168514598575483
0.105,0.095,0.076,0.102,0.1115,0.069,0.1478925773454174
0.009,0.006,0.005,0.008,0.009,0.004,4.140539689622416e-05
0.017,0.015,0.013,0.017,0.015,0.014,1.0138297535130101e-05
0.041,0.019,0.02,0.017,0.025,0.017,0.003826441429810439
0.032,0.039,0.02,0.029,0.0385,0.0195,0.013504555851040313
0.235,0.259,0.269,0.236,0.2725,0.239,0.24231334278819805
0.007,0.008,0.007,0.006,0.007,0.006,4.4095352098223174e-05
0.002,0.002,0.002,0.002,0.002,0.002,1.0116956704093106e-05
0.007,0.162,0.008,0.003,0.1575,0.003,0.14786392221626204
0.068,0.017,0.023,0.05,0.019,0.03,0.0009493893092360839
0.428,0.274,0.3035,0.394,0.2915,0.318,0.22174278803913905
0.072,0.053,0.059,0.08,0.054,0.067,0.015520423524661538
0.011,0.025,0.015,0.011,0.027,0.013,0.007883311486999714
0.029,0.037,0.038,0.031,0.032,0.033,0.014639178922599921
0.315,0.5565,0.366,0.108,0.906,0.1755,0.5313886277738881
0.189,0.027,0.173,0.026,0.023,0.021,0.0020488569268041095
0.014,0.029,0.006,0.015,0.026,0.007,0.006819075029025098
0.033,0.022,0.024,0.044,0.022,0.028,0.00428603377881793
0.015,0.026,0.018,0.011,0.025,0.014,0.0012143092888729024
0.192,0.339,0.156,0.244,0.242,0.123,0.40321615597546734
0.052,0.128,0.091,0.054,0.131,0.07,0.08441033833459821
0.061,0.048,0.047,0.073,0.05,0.055,0.029128521884822848
0.056,0.029,0.038,0.042,0.031,0.032,0.007426830345171276
0.021,0.02,0.019,0.0205,0.02,0.017,0.0010940269962194883
0.141,0.106,0.091,0.11,0.113,0.095,0.09054591982578626
0.046,0.011,0.013,0.034,0.008,0.018,0.0005365500266584207
0.023,0.037,0.019,0.038,0.042,0.018,0.012989546995646811
0.372,0.264,0.33,0.271,0.301,0.334,0.21623586039439835
0.1,0.14,0.084,0.089,0.169,0.069,0.11416667814108415
0.005,0.002,0.003,0.006,0.002,0.003,9.995677375884158e-05
0.052,0.065,0.063,0.043,0.065,0.06,0.018770483828342704
0.038,0.035,0.036,0.04,0.0335,0.037,0.0003272318347863662
0.015,0.014,0.01,0.019,0.014,0.012,0.0038612513488446333
0.192,0.315,0.186,0.204,0.3185,0.133,0.2884253090942172
0.022,0.049,0.009,0.019,0.038,0.01,0.031578155707032894
0.001,0.001,0.002,0.001,0.001,0.002,6.639473493841385e-05
0.01,0.028,0.008,0.009,0.029,0.005,0.00544716501140661
0.044,0.2455,0.229,0.053,0.196,0.149,0.17973277642557248
0.0595,0.044,0.042,0.056,0.046,0.048,0.016033075434420983
0.161,0.174,0.16,0.152,0.186,0.151,0.17589350789048605
0.018,0.025,0.021,0.022,0.026,0.018,0.00705972705537808
0.159,0.244,0.108,0.1725,0.201,0.121,0.2368606511571336
0.007,0.004,0.003,0.008,0.004,0.005,0.0005631447526066141
0.176,0.169,0.146,0.188,0.191,0.143,0.11699169276880154
0.133,0.218,0.165,0.099,0.26,0.128,0.14518604089155115
0.02,0.036,0.025,0.011,0.043,0.016,0.021455155394179422
0.134,0.135,0.133,0.1475,0.14,0.142,0.10120993096764065
0.084,0.021,0.037,0.104,0.022,0.055,0.008451642927819341
0.033,0.023,0.014,0.021,0.022,0.01,0.0017203879674152628
0.053,0.045,0.047,0.0465,0.051,0.046,0.0061088211605960455
0.0265,0.094,0.033,0.022,0.093,0.025,0.05339133685123911
0.057,0.1135,0.066,0.049,0.107,0.053,0.05725275374759268
0.036,0.041,0.042,0.05,0.039,0.047,0.0021407491767644962
0.0355,0.02,0.008,0.018,0.014,0.012,0.0074162576872994585
0.113,0.193,0.137,0.08,0.202,0.092,0.23335577473356542
0.047,0.118,0.079,0.053,0.106,0.057,0.08470565418627692
0.103,0.07,0.093,0.067,0.105,0.059,0.005254135410227161
0.031,0.031,0.028,0.035,0.033,0.027,0.002813393599031317
0.024,0.012,0.012,0.027,0.012,0.022,0.00039843382089366897
0.239,0.102,0.103,0.142,0.125,0.108,0.07091201154377974
0.599,0.568,0.634,0.608,0.552,0.673,0.5726920539584373
0.124,0.032,0.039,0.116,0.037,0.052,0.011781994915465567
0.009,0.013,0.011,0.008,0.013,0.011,0.0007620778013413508
0.18,0.31,0.205,0.334,0.284,0.169,0.3264577138676312
0.073,0.043,0.054,0.054,0.052,0.044,0.023539279541657753
0.003,0.006,0.004,0.003,0.006,0.005,0.0023161737139055665
0.167,0.232,0.1755,0.152,0.247,0.152,0.2543523751863428
0.032,0.014,0.01,0.043,0.011,0.014,0.004327654167332145
0.1785,0.177,0.17,0.244,0.161,0.162,0.15170638498786804
0.368,0.451,0.359,0.304,0.5625,0.3,0.4677857105255394
0.5215,0.633,0.583,0.576,0.6155,0.617,0.6455566257316885
0.021,0.096,0.03,0.029,0.089,0.024,0.05948380109086102
0.057,0.0565,0.059,0.058,0.053,0.063,0.015395544860872188
0.002,0.002,0.002,0.002,0.002,0.002,7.069027796187463e-08
0.031,0.111,0.049,0.027,0.106,0.041,0.07678278324495773
